nodeID,dti_fa,tractID
1,0.1899930686,ATR_L_fa
2,0.2694371641,ATR_L_fa
3,0.3418322802,ATR_L_fa
4,0.4001036286,ATR_L_fa
5,0.2195593417,ATR_L_fa
6,0.2849659026,ATR_L_fa
7,0.372017324,ATR_L_fa
8,0.120090194,ATR_L_fa
9,0.2756443918,ATR_L_fa
10,0.3182128668,ATR_L_fa
11,0.1509694904,ATR_L_fa
12,0.388643384,ATR_L_fa
13,0.1864459068,ATR_L_fa
14,0.2081753165,ATR_L_fa
15,0.3950786591,ATR_L_fa
16,0.2879985869,ATR_L_fa
17,0.3139201999,ATR_L_fa
18,0.3964303136,ATR_L_fa
19,0.4651172161,ATR_L_fa
20,0.4010671079,ATR_L_fa
21,0.3857842684,ATR_L_fa
22,0.2181777954,ATR_L_fa
23,0.3333180547,ATR_L_fa
24,0.3432221413,ATR_L_fa
25,0.3762722015,ATR_L_fa
26,0.2733597755,ATR_L_fa
27,0.323363483,ATR_L_fa
28,0.197513476,ATR_L_fa
29,0.3412937522,ATR_L_fa
30,0.3171187937,ATR_L_fa
31,0.3253414035,ATR_L_fa
32,0.2223849744,ATR_L_fa
33,0.3429567218,ATR_L_fa
34,0.3114172518,ATR_L_fa
35,0.3781971037,ATR_L_fa
36,0.3990216851,ATR_L_fa
37,0.1632389724,ATR_L_fa
38,0.3457477987,ATR_L_fa
39,0.3360057175,ATR_L_fa
40,0.2718588412,ATR_L_fa
41,0.3642498851,ATR_L_fa
42,0.3856786489,ATR_L_fa
43,0.1748036891,ATR_L_fa
44,0.311318934,ATR_L_fa
45,0.3577293456,ATR_L_fa
46,0.3748412132,ATR_L_fa
47,0.3778489232,ATR_L_fa
48,0.3197780848,ATR_L_fa
49,0.2204697132,ATR_L_fa
50,0.2233230919,ATR_L_fa
51,0.3659566641,ATR_L_fa
52,0.3520498872,ATR_L_fa
53,0.298489511,ATR_L_fa
54,0.1168091521,ATR_L_fa
55,0.2986823916,ATR_L_fa
56,0.4554968178,ATR_L_fa
57,0.3264871836,ATR_L_fa
58,0.3287636042,ATR_L_fa
59,0.4816886187,ATR_L_fa
60,0.2724327743,ATR_L_fa
61,0.3249152005,ATR_L_fa
62,0.2176098078,ATR_L_fa
63,0.1967888623,ATR_L_fa
64,0.4399384856,ATR_L_fa
65,0.3163923025,ATR_L_fa
66,0.2167242914,ATR_L_fa
67,0.213516742,ATR_L_fa
68,0.3047833145,ATR_L_fa
69,0.271050483,ATR_L_fa
70,0.07422661036,ATR_L_fa
71,0.3781889975,ATR_L_fa
72,0.3798764348,ATR_L_fa
73,0.3888258338,ATR_L_fa
74,0.303673327,ATR_L_fa
75,0.4038980305,ATR_L_fa
76,0.3572542071,ATR_L_fa
77,0.5395757556,ATR_L_fa
78,0.1898325533,ATR_L_fa
79,0.5085901022,ATR_L_fa
80,0.2920594513,ATR_L_fa
81,0.3029824197,ATR_L_fa
82,0.489960283,ATR_L_fa
83,0.2919315994,ATR_L_fa
84,0.333545506,ATR_L_fa
85,0.2518626451,ATR_L_fa
86,0.1645240635,ATR_L_fa
87,0.2916725576,ATR_L_fa
88,0.3902642429,ATR_L_fa
89,0.3150945008,ATR_L_fa
90,0.2310542017,ATR_L_fa
91,0.3550408781,ATR_L_fa
92,0.2908722758,ATR_L_fa
93,0.3739815652,ATR_L_fa
94,0.3237786889,ATR_L_fa
95,0.28399387,ATR_L_fa
96,0.500810504,ATR_L_fa
97,0.3004574776,ATR_L_fa
98,0.4315395653,ATR_L_fa
99,0.1782243699,ATR_L_fa
100,0.2613794506,ATR_L_fa
1,0.2510173917,ATR_R_fa
2,0.4134446681,ATR_R_fa
3,0.4194889963,ATR_R_fa
4,0.3358271122,ATR_R_fa
5,0.2940684259,ATR_R_fa
6,0.3830699921,ATR_R_fa
7,0.3431366086,ATR_R_fa
8,0.4143214524,ATR_R_fa
9,0.5072676539,ATR_R_fa
10,0.2609985769,ATR_R_fa
11,0.4253678918,ATR_R_fa
12,0.3552018702,ATR_R_fa
13,0.3208117783,ATR_R_fa
14,0.3515759408,ATR_R_fa
15,0.3964774907,ATR_R_fa
16,0.1845262498,ATR_R_fa
17,0.1436570883,ATR_R_fa
18,0.2820535302,ATR_R_fa
19,0.2376722246,ATR_R_fa
20,0.2922298908,ATR_R_fa
21,0.3567967415,ATR_R_fa
22,0.2022974789,ATR_R_fa
23,0.5374711752,ATR_R_fa
24,0.328489691,ATR_R_fa
25,0.3742707968,ATR_R_fa
26,0.4571679533,ATR_R_fa
27,0.3152700961,ATR_R_fa
28,0.2620672584,ATR_R_fa
29,0.3890363276,ATR_R_fa
30,0.2897392511,ATR_R_fa
31,0.5926420689,ATR_R_fa
32,0.2960829735,ATR_R_fa
33,0.4506129324,ATR_R_fa
34,0.301356554,ATR_R_fa
35,0.3590919077,ATR_R_fa
36,0.3347302377,ATR_R_fa
37,0.490760386,ATR_R_fa
38,0.2727483213,ATR_R_fa
39,0.2958304882,ATR_R_fa
40,0.5273838043,ATR_R_fa
41,0.1754038036,ATR_R_fa
42,0.2213770896,ATR_R_fa
43,0.3745371401,ATR_R_fa
44,0.3555731177,ATR_R_fa
45,0.3528122306,ATR_R_fa
46,0.2569055259,ATR_R_fa
47,0.5635018349,ATR_R_fa
48,0.3587143421,ATR_R_fa
49,0.3373177946,ATR_R_fa
50,0.3759385049,ATR_R_fa
51,0.2978974581,ATR_R_fa
52,0.1231174842,ATR_R_fa
53,0.3091984987,ATR_R_fa
54,0.1504858285,ATR_R_fa
55,0.3645682037,ATR_R_fa
56,0.2193119079,ATR_R_fa
57,0.4310488105,ATR_R_fa
58,0.3122424185,ATR_R_fa
59,0.2739639878,ATR_R_fa
60,0.3437547684,ATR_R_fa
61,0.4636439979,ATR_R_fa
62,0.2900534272,ATR_R_fa
63,0.2788425386,ATR_R_fa
64,0.261615485,ATR_R_fa
65,0.3633543849,ATR_R_fa
66,0.5042750835,ATR_R_fa
67,0.4074918926,ATR_R_fa
68,0.2941308916,ATR_R_fa
69,0.255551368,ATR_R_fa
70,0.3382928371,ATR_R_fa
71,0.2582464814,ATR_R_fa
72,0.3446272016,ATR_R_fa
73,0.213157326,ATR_R_fa
74,0.3585037589,ATR_R_fa
75,0.3728469312,ATR_R_fa
76,0.1945173591,ATR_R_fa
77,0.4993211925,ATR_R_fa
78,0.2758491635,ATR_R_fa
79,0.3031417131,ATR_R_fa
80,0.2403471619,ATR_R_fa
81,0.409378469,ATR_R_fa
82,0.2223529071,ATR_R_fa
83,0.4213614762,ATR_R_fa
84,0.1410778761,ATR_R_fa
85,0.4426023364,ATR_R_fa
86,0.2133237869,ATR_R_fa
87,0.4647809565,ATR_R_fa
88,0.3073993623,ATR_R_fa
89,0.322865665,ATR_R_fa
90,0.1083494276,ATR_R_fa
91,0.2625845969,ATR_R_fa
92,0.4103817642,ATR_R_fa
93,0.3478122652,ATR_R_fa
94,0.4329237044,ATR_R_fa
95,0.2607597709,ATR_R_fa
96,0.3327971101,ATR_R_fa
97,0.1341554821,ATR_R_fa
98,0.3215567768,ATR_R_fa
99,0.1947949231,ATR_R_fa
100,0.175731793,ATR_R_fa
1,0.2760290802,CGC_L_fa
2,0.1876683384,CGC_L_fa
3,0.3559816182,CGC_L_fa
4,0.07349678874,CGC_L_fa
5,0.5171283484,CGC_L_fa
6,0.4425449967,CGC_L_fa
7,0.4663427472,CGC_L_fa
8,0.4882942736,CGC_L_fa
9,0.2535460591,CGC_L_fa
10,0.2957760692,CGC_L_fa
11,0.5795519352,CGC_L_fa
12,0.1775788665,CGC_L_fa
13,0.3103096485,CGC_L_fa
14,0.4045048356,CGC_L_fa
15,0.3873056471,CGC_L_fa
16,0.4405648112,CGC_L_fa
17,0.485047698,CGC_L_fa
18,0.178948313,CGC_L_fa
19,0.4903388321,CGC_L_fa
20,0.4902943373,CGC_L_fa
21,0.3946037591,CGC_L_fa
22,0.2710101008,CGC_L_fa
23,0.4165230989,CGC_L_fa
24,0.48446545,CGC_L_fa
25,0.3067419827,CGC_L_fa
26,0.4059348702,CGC_L_fa
27,0.2080420703,CGC_L_fa
28,0.4873232245,CGC_L_fa
29,0.4888061881,CGC_L_fa
30,0.492256254,CGC_L_fa
31,0.4443030357,CGC_L_fa
32,0.07331484556,CGC_L_fa
33,0.4305162728,CGC_L_fa
34,0.223840192,CGC_L_fa
35,0.4464264512,CGC_L_fa
36,0.2521832883,CGC_L_fa
37,0.3949563801,CGC_L_fa
38,0.1386312991,CGC_L_fa
39,0.2760498226,CGC_L_fa
40,0.2782730758,CGC_L_fa
41,0.5351682305,CGC_L_fa
42,0.3461404443,CGC_L_fa
43,0.198613897,CGC_L_fa
44,0.3291434348,CGC_L_fa
45,0.296584487,CGC_L_fa
46,0.07425758243,CGC_L_fa
47,0.376090914,CGC_L_fa
48,0.4354284108,CGC_L_fa
49,0.1751253009,CGC_L_fa
50,0.3308798373,CGC_L_fa
51,0.0862391293,CGC_L_fa
52,0.2541918159,CGC_L_fa
53,0.5570451617,CGC_L_fa
54,0.5377581716,CGC_L_fa
55,0.3242771626,CGC_L_fa
56,0.09126200527,CGC_L_fa
57,0.2868464589,CGC_L_fa
58,0.1638733894,CGC_L_fa
59,0.163313657,CGC_L_fa
60,0.1616668552,CGC_L_fa
61,0.3784788549,CGC_L_fa
62,0.3512407243,CGC_L_fa
63,0.1355131269,CGC_L_fa
64,0.168533504,CGC_L_fa
65,0.3643673658,CGC_L_fa
66,0.5595989823,CGC_L_fa
67,0.2077012658,CGC_L_fa
68,0.2004214972,CGC_L_fa
69,0.2781576216,CGC_L_fa
70,0.2229073644,CGC_L_fa
71,0.2439793944,CGC_L_fa
72,0.1296179593,CGC_L_fa
73,0.3036623597,CGC_L_fa
74,0.3620398343,CGC_L_fa
75,0.4454403818,CGC_L_fa
76,0.234115839,CGC_L_fa
77,0.3631655872,CGC_L_fa
78,0.2092424482,CGC_L_fa
79,0.2518417239,CGC_L_fa
80,0.5009739995,CGC_L_fa
81,0.4128301442,CGC_L_fa
82,0.3945698738,CGC_L_fa
83,0.1939615607,CGC_L_fa
84,0.4389390647,CGC_L_fa
85,0.1252964586,CGC_L_fa
86,0.3673074841,CGC_L_fa
87,0.2951048613,CGC_L_fa
88,0.4396756589,CGC_L_fa
89,0.1504757255,CGC_L_fa
90,0.1497635841,CGC_L_fa
91,0.433804661,CGC_L_fa
92,0.1694885343,CGC_L_fa
93,0.4139187932,CGC_L_fa
94,0.1192317158,CGC_L_fa
95,0.2010139227,CGC_L_fa
96,0.4049484134,CGC_L_fa
97,0.09033543617,CGC_L_fa
98,0.2258744538,CGC_L_fa
99,0.1591098309,CGC_L_fa
100,0.1673340797,CGC_L_fa
1,0.1882424355,CGC_R_fa
2,0.3919055164,CGC_R_fa
3,0.2839788496,CGC_R_fa
4,0.4981485307,CGC_R_fa
5,0.3975849152,CGC_R_fa
6,0.2929974198,CGC_R_fa
7,0.2953874469,CGC_R_fa
8,0.4529817104,CGC_R_fa
9,0.1681200415,CGC_R_fa
10,0.2824055552,CGC_R_fa
11,0.4688778222,CGC_R_fa
12,0.1270793825,CGC_R_fa
13,0.152014941,CGC_R_fa
14,0.3946890533,CGC_R_fa
15,0.1378011256,CGC_R_fa
16,0.4776542485,CGC_R_fa
17,0.1614281684,CGC_R_fa
18,0.4890230298,CGC_R_fa
19,0.1057779714,CGC_R_fa
20,0.231601581,CGC_R_fa
21,0.2444916964,CGC_R_fa
22,0.2094931602,CGC_R_fa
23,0.2098541856,CGC_R_fa
24,0.3140101135,CGC_R_fa
25,0.2090495974,CGC_R_fa
26,0.2490372658,CGC_R_fa
27,0.4090081453,CGC_R_fa
28,0.3828595579,CGC_R_fa
29,0.2038130462,CGC_R_fa
30,0.4187155366,CGC_R_fa
31,0.2509441376,CGC_R_fa
32,0.2360690385,CGC_R_fa
33,0.2980481386,CGC_R_fa
34,0.2315643728,CGC_R_fa
35,0.1116156504,CGC_R_fa
36,0.211403802,CGC_R_fa
37,0.5170874,CGC_R_fa
38,0.4155831337,CGC_R_fa
39,0.1503294855,CGC_R_fa
40,0.1130628809,CGC_R_fa
41,0.3246994317,CGC_R_fa
42,0.1297774911,CGC_R_fa
43,0.2608391941,CGC_R_fa
44,0.262015909,CGC_R_fa
45,0.3118082583,CGC_R_fa
46,0.4182688594,CGC_R_fa
47,0.3168143928,CGC_R_fa
48,0.1919350326,CGC_R_fa
49,0.5403532982,CGC_R_fa
50,0.3035074174,CGC_R_fa
51,0.5336841345,CGC_R_fa
52,0.09773121029,CGC_R_fa
53,0.1075193584,CGC_R_fa
54,0.1948198527,CGC_R_fa
55,0.1121652871,CGC_R_fa
56,0.2583891153,CGC_R_fa
57,0.144553557,CGC_R_fa
58,0.2016848326,CGC_R_fa
59,0.39065817,CGC_R_fa
60,0.2385700941,CGC_R_fa
61,0.1815163493,CGC_R_fa
62,0.3209718764,CGC_R_fa
63,0.3660115004,CGC_R_fa
64,0.1111392751,CGC_R_fa
65,0.1374134123,CGC_R_fa
66,0.3850540221,CGC_R_fa
67,0.2584402263,CGC_R_fa
68,0.3323681951,CGC_R_fa
69,0.2613075972,CGC_R_fa
70,0.1157881245,CGC_R_fa
71,0.290389359,CGC_R_fa
72,0.2624120414,CGC_R_fa
73,0.1405330002,CGC_R_fa
74,0.3501452506,CGC_R_fa
75,0.5025679469,CGC_R_fa
76,0.2111828327,CGC_R_fa
77,0.417401582,CGC_R_fa
78,0.06038708612,CGC_R_fa
79,0.2398758978,CGC_R_fa
80,0.3670971096,CGC_R_fa
81,0.347751379,CGC_R_fa
82,0.284267813,CGC_R_fa
83,0.4237492383,CGC_R_fa
84,0.3118972778,CGC_R_fa
85,0.2829352021,CGC_R_fa
86,0.2148686498,CGC_R_fa
87,0.1184741184,CGC_R_fa
88,0.4114899933,CGC_R_fa
89,0.2145164758,CGC_R_fa
90,0.4232473969,CGC_R_fa
91,0.3785798252,CGC_R_fa
92,0.3602062464,CGC_R_fa
93,0.132636264,CGC_R_fa
94,0.1865503639,CGC_R_fa
95,0.4922091961,CGC_R_fa
96,0.188615799,CGC_R_fa
97,0.09255744517,CGC_R_fa
98,0.3991355896,CGC_R_fa
99,0.3518179655,CGC_R_fa
100,0.4137074947,CGC_R_fa
1,0.2164041698,CGH_L_fa
2,0.2485431135,CGH_L_fa
3,0.267709136,CGH_L_fa
4,0.1506183743,CGH_L_fa
5,0.2241981626,CGH_L_fa
6,0.297457695,CGH_L_fa
7,0.3284974396,CGH_L_fa
8,0.173310563,CGH_L_fa
9,0.1982087046,CGH_L_fa
10,0.2292039394,CGH_L_fa
11,0.2859370708,CGH_L_fa
12,0.2798532844,CGH_L_fa
13,0.3908637166,CGH_L_fa
14,0.3415337503,CGH_L_fa
15,0.1896603405,CGH_L_fa
16,0.3783481717,CGH_L_fa
17,0.2558893561,CGH_L_fa
18,0.1690039784,CGH_L_fa
19,0.2304696888,CGH_L_fa
20,0.3618029952,CGH_L_fa
21,0.3141117096,CGH_L_fa
22,0.3527134359,CGH_L_fa
23,0.1597272307,CGH_L_fa
24,0.2093772739,CGH_L_fa
25,0.2539410889,CGH_L_fa
26,0.3633027673,CGH_L_fa
27,0.1538486183,CGH_L_fa
28,0.3043789864,CGH_L_fa
29,0.1899947077,CGH_L_fa
30,0.3799812496,CGH_L_fa
31,0.3695090711,CGH_L_fa
32,0.2904017568,CGH_L_fa
33,0.3962591588,CGH_L_fa
34,0.3660838902,CGH_L_fa
35,0.13297683,CGH_L_fa
36,0.3286922574,CGH_L_fa
37,0.3474318087,CGH_L_fa
38,0.3076878488,CGH_L_fa
39,0.1771048903,CGH_L_fa
40,0.3647119701,CGH_L_fa
41,0.3326322436,CGH_L_fa
42,0.2554991543,CGH_L_fa
43,0.2874884903,CGH_L_fa
44,0.2940985858,CGH_L_fa
45,0.3210968673,CGH_L_fa
46,0.33232373,CGH_L_fa
47,0.1147121191,CGH_L_fa
48,0.199603036,CGH_L_fa
49,0.1809045821,CGH_L_fa
50,0.3446965814,CGH_L_fa
51,0.389226228,CGH_L_fa
52,0.1715558469,CGH_L_fa
53,0.195697248,CGH_L_fa
54,0.1484003961,CGH_L_fa
55,0.3380779922,CGH_L_fa
56,0.3050442934,CGH_L_fa
57,0.1661042422,CGH_L_fa
58,0.3581792116,CGH_L_fa
59,0.3836403787,CGH_L_fa
60,0.1819461435,CGH_L_fa
61,0.2642143369,CGH_L_fa
62,0.2356642336,CGH_L_fa
63,0.3559391201,CGH_L_fa
64,0.2578134239,CGH_L_fa
65,0.3216369748,CGH_L_fa
66,0.1470307857,CGH_L_fa
67,0.2418664098,CGH_L_fa
68,0.2116970271,CGH_L_fa
69,0.264811337,CGH_L_fa
70,0.3160681427,CGH_L_fa
71,0.1389641762,CGH_L_fa
72,0.3808304667,CGH_L_fa
73,0.300018996,CGH_L_fa
74,0.2627988756,CGH_L_fa
75,0.09231862426,CGH_L_fa
76,0.2901443541,CGH_L_fa
77,0.2448530346,CGH_L_fa
78,0.1578317732,CGH_L_fa
79,0.291121155,CGH_L_fa
80,0.2019062042,CGH_L_fa
81,0.3149529994,CGH_L_fa
82,0.1895025969,CGH_L_fa
83,0.1532251835,CGH_L_fa
84,0.3535892367,CGH_L_fa
85,0.3799543977,CGH_L_fa
86,0.1372309327,CGH_L_fa
87,0.2211408168,CGH_L_fa
88,0.3852413893,CGH_L_fa
89,0.2286512852,CGH_L_fa
90,0.159908548,CGH_L_fa
91,0.3470087945,CGH_L_fa
92,0.2198548615,CGH_L_fa
93,0.2792585492,CGH_L_fa
94,0.2360415459,CGH_L_fa
95,0.1995806694,CGH_L_fa
96,0.1637620628,CGH_L_fa
97,0.3243156075,CGH_L_fa
98,0.2138050646,CGH_L_fa
99,0.2153088301,CGH_L_fa
100,0.3268204331,CGH_L_fa
1,0.1976632923,CGH_R_fa
2,0.2516745031,CGH_R_fa
3,0.3014974296,CGH_R_fa
4,0.2797158659,CGH_R_fa
5,0.1704839617,CGH_R_fa
6,0.3033272922,CGH_R_fa
7,0.2040580511,CGH_R_fa
8,0.1487334967,CGH_R_fa
9,0.2536998391,CGH_R_fa
10,0.2998122871,CGH_R_fa
11,0.250518173,CGH_R_fa
12,0.3009696007,CGH_R_fa
13,0.2408965677,CGH_R_fa
14,0.3692183793,CGH_R_fa
15,0.2511216402,CGH_R_fa
16,0.3671793044,CGH_R_fa
17,0.1687080264,CGH_R_fa
18,0.3182118237,CGH_R_fa
19,0.2161724418,CGH_R_fa
20,0.2401980758,CGH_R_fa
21,0.2719455361,CGH_R_fa
22,0.397197485,CGH_R_fa
23,0.2850996852,CGH_R_fa
24,0.1080658957,CGH_R_fa
25,0.2453143895,CGH_R_fa
26,0.2782582641,CGH_R_fa
27,0.1731003821,CGH_R_fa
28,0.2640802562,CGH_R_fa
29,0.2610619962,CGH_R_fa
30,0.2956142724,CGH_R_fa
31,0.3105928302,CGH_R_fa
32,0.1713562906,CGH_R_fa
33,0.3291380405,CGH_R_fa
34,0.2583997846,CGH_R_fa
35,0.1989796907,CGH_R_fa
36,0.3059203923,CGH_R_fa
37,0.3237444758,CGH_R_fa
38,0.2607047558,CGH_R_fa
39,0.2447002381,CGH_R_fa
40,0.2688693404,CGH_R_fa
41,0.1320875883,CGH_R_fa
42,0.301849544,CGH_R_fa
43,0.3888835609,CGH_R_fa
44,0.1458481997,CGH_R_fa
45,0.1565921456,CGH_R_fa
46,0.3011055887,CGH_R_fa
47,0.3129081428,CGH_R_fa
48,0.2040820271,CGH_R_fa
49,0.2402323484,CGH_R_fa
50,0.288744539,CGH_R_fa
51,0.25354442,CGH_R_fa
52,0.1530387998,CGH_R_fa
53,0.3176606894,CGH_R_fa
54,0.3120861351,CGH_R_fa
55,0.3219851553,CGH_R_fa
56,0.1475420147,CGH_R_fa
57,0.1622122824,CGH_R_fa
58,0.1706771851,CGH_R_fa
59,0.2309126407,CGH_R_fa
60,0.2368229777,CGH_R_fa
61,0.2042706907,CGH_R_fa
62,0.3010983467,CGH_R_fa
63,0.3193922043,CGH_R_fa
64,0.3892888725,CGH_R_fa
65,0.1581335068,CGH_R_fa
66,0.2395948619,CGH_R_fa
67,0.1867675036,CGH_R_fa
68,0.3318590522,CGH_R_fa
69,0.27549088,CGH_R_fa
70,0.2230879515,CGH_R_fa
71,0.2838159502,CGH_R_fa
72,0.3273396194,CGH_R_fa
73,0.244516477,CGH_R_fa
74,0.3032961786,CGH_R_fa
75,0.211247161,CGH_R_fa
76,0.1676248014,CGH_R_fa
77,0.1726796031,CGH_R_fa
78,0.4609070718,CGH_R_fa
79,0.5986028314,CGH_R_fa
80,0.276447624,CGH_R_fa
81,0.2288559973,CGH_R_fa
82,0.4564661682,CGH_R_fa
83,0.1532681733,CGH_R_fa
84,0.3927445114,CGH_R_fa
85,0.156678915,CGH_R_fa
86,0.2145246714,CGH_R_fa
87,0.320094794,CGH_R_fa
88,0.2448766679,CGH_R_fa
89,0.148633793,CGH_R_fa
90,0.1330270916,CGH_R_fa
91,0.1342934221,CGH_R_fa
92,0.1203759611,CGH_R_fa
93,0.2293122411,CGH_R_fa
94,0.3535381854,CGH_R_fa
95,0.1716011316,CGH_R_fa
96,0.2148368806,CGH_R_fa
97,0.2906292975,CGH_R_fa
98,0.1908385158,CGH_R_fa
99,0.2776974142,CGH_R_fa
100,0.1625030488,CGH_R_fa
1,0.3198654056,CST_L_fa
2,0.5588769913,CST_L_fa
3,0.4767000079,CST_L_fa
4,0.6970427632,CST_L_fa
5,0.4421952069,CST_L_fa
6,0.4569146633,CST_L_fa
7,0.4923937619,CST_L_fa
8,0.3803342283,CST_L_fa
9,0.5444136858,CST_L_fa
10,0.5194449425,CST_L_fa
11,0.5284153223,CST_L_fa
12,0.5152059197,CST_L_fa
13,0.4632894695,CST_L_fa
14,0.5290888548,CST_L_fa
15,0.4731901288,CST_L_fa
16,0.4684598446,CST_L_fa
17,0.6118536592,CST_L_fa
18,0.486295253,CST_L_fa
19,0.6932525039,CST_L_fa
20,0.4063738883,CST_L_fa
21,0.4787050486,CST_L_fa
22,0.3539483249,CST_L_fa
23,0.53805089,CST_L_fa
24,0.4329242408,CST_L_fa
25,0.7038741112,CST_L_fa
26,0.4666273296,CST_L_fa
27,0.4566468,CST_L_fa
28,0.3544813395,CST_L_fa
29,0.5591745377,CST_L_fa
30,0.5251315236,CST_L_fa
31,0.4968853891,CST_L_fa
32,0.4864718914,CST_L_fa
33,0.3792652488,CST_L_fa
34,0.4966543615,CST_L_fa
35,0.5682867169,CST_L_fa
36,0.6135143638,CST_L_fa
37,0.3930288553,CST_L_fa
38,0.4396577775,CST_L_fa
39,0.526891768,CST_L_fa
40,0.1928685158,CST_L_fa
41,0.2766528428,CST_L_fa
42,0.2801847458,CST_L_fa
43,0.3659737706,CST_L_fa
44,0.5429100394,CST_L_fa
45,0.4593886733,CST_L_fa
46,0.4447551966,CST_L_fa
47,0.504119277,CST_L_fa
48,0.5998515487,CST_L_fa
49,0.5843648911,CST_L_fa
50,0.4648493528,CST_L_fa
51,0.3160975575,CST_L_fa
52,0.6647338867,CST_L_fa
53,0.4201205373,CST_L_fa
54,0.4108408988,CST_L_fa
55,0.4809862077,CST_L_fa
56,0.4937216043,CST_L_fa
57,0.6197360158,CST_L_fa
58,0.555547297,CST_L_fa
59,0.4135582745,CST_L_fa
60,0.3860737681,CST_L_fa
61,0.3171049058,CST_L_fa
62,0.6983919144,CST_L_fa
63,0.6407670975,CST_L_fa
64,0.3667486608,CST_L_fa
65,0.4160220623,CST_L_fa
66,0.5871006846,CST_L_fa
67,0.312019974,CST_L_fa
68,0.7194947004,CST_L_fa
69,0.6025112271,CST_L_fa
70,0.5089283586,CST_L_fa
71,0.3379319012,CST_L_fa
72,0.4304085076,CST_L_fa
73,0.3207978606,CST_L_fa
74,0.549433887,CST_L_fa
75,0.427931875,CST_L_fa
76,0.2741954625,CST_L_fa
77,0.4261945486,CST_L_fa
78,0.4919991195,CST_L_fa
79,0.5681846142,CST_L_fa
80,0.4698258936,CST_L_fa
81,0.6121095419,CST_L_fa
82,0.4856387973,CST_L_fa
83,0.4943633974,CST_L_fa
84,0.5253030658,CST_L_fa
85,0.4234868288,CST_L_fa
86,0.4430331588,CST_L_fa
87,0.281752944,CST_L_fa
88,0.5305159688,CST_L_fa
89,0.3299253881,CST_L_fa
90,0.5568223,CST_L_fa
91,0.4806049466,CST_L_fa
92,0.5249677896,CST_L_fa
93,0.537514329,CST_L_fa
94,0.577581048,CST_L_fa
95,0.4469615519,CST_L_fa
96,0.5690118074,CST_L_fa
97,0.2780462503,CST_L_fa
98,0.4539203048,CST_L_fa
99,0.4801523387,CST_L_fa
100,0.4157731533,CST_L_fa
1,0.5528610349,CST_R_fa
2,0.509599328,CST_R_fa
3,0.4292240739,CST_R_fa
4,0.4502938986,CST_R_fa
5,0.5121921301,CST_R_fa
6,0.5361660719,CST_R_fa
7,0.477571547,CST_R_fa
8,0.4714466333,CST_R_fa
9,0.4358991385,CST_R_fa
10,0.5422677994,CST_R_fa
11,0.4317262471,CST_R_fa
12,0.6686835289,CST_R_fa
13,0.6437923312,CST_R_fa
14,0.5479322672,CST_R_fa
15,0.5464624763,CST_R_fa
16,0.383446008,CST_R_fa
17,0.325666666,CST_R_fa
18,0.5668568611,CST_R_fa
19,0.5258016586,CST_R_fa
20,0.4158867002,CST_R_fa
21,0.4668838084,CST_R_fa
22,0.4767071307,CST_R_fa
23,0.5912519693,CST_R_fa
24,0.4006568789,CST_R_fa
25,0.4347945452,CST_R_fa
26,0.3896638453,CST_R_fa
27,0.4929613173,CST_R_fa
28,0.4539134204,CST_R_fa
29,0.6455030441,CST_R_fa
30,0.4348595142,CST_R_fa
31,0.4181680381,CST_R_fa
32,0.6826529503,CST_R_fa
33,0.5194423795,CST_R_fa
34,0.5576142669,CST_R_fa
35,0.6170989275,CST_R_fa
36,0.4125417471,CST_R_fa
37,0.536596477,CST_R_fa
38,0.4209595323,CST_R_fa
39,0.3950105906,CST_R_fa
40,0.4914557636,CST_R_fa
41,0.6136893034,CST_R_fa
42,0.5536233187,CST_R_fa
43,0.469833374,CST_R_fa
44,0.4883980751,CST_R_fa
45,0.5745366812,CST_R_fa
46,0.4584574103,CST_R_fa
47,0.5121689439,CST_R_fa
48,0.5880893469,CST_R_fa
49,0.2944472134,CST_R_fa
50,0.5224730372,CST_R_fa
51,0.4692414701,CST_R_fa
52,0.3846455216,CST_R_fa
53,0.5090498924,CST_R_fa
54,0.7178828716,CST_R_fa
55,0.4270605743,CST_R_fa
56,0.4471287429,CST_R_fa
57,0.567561686,CST_R_fa
58,0.4622600675,CST_R_fa
59,0.446796149,CST_R_fa
60,0.6323331594,CST_R_fa
61,0.3076320291,CST_R_fa
62,0.4215420783,CST_R_fa
63,0.5074397922,CST_R_fa
64,0.6008678079,CST_R_fa
65,0.524338603,CST_R_fa
66,0.4972083569,CST_R_fa
67,0.436340481,CST_R_fa
68,0.4998902678,CST_R_fa
69,0.588975966,CST_R_fa
70,0.5066084862,CST_R_fa
71,0.379227668,CST_R_fa
72,0.4570789933,CST_R_fa
73,0.4535344243,CST_R_fa
74,0.4745883346,CST_R_fa
75,0.6038682461,CST_R_fa
76,0.5342182517,CST_R_fa
77,0.4075106084,CST_R_fa
78,0.5720111132,CST_R_fa
79,0.5786239505,CST_R_fa
80,0.5979545116,CST_R_fa
81,0.5926606655,CST_R_fa
82,0.459246546,CST_R_fa
83,0.546346426,CST_R_fa
84,0.520373106,CST_R_fa
85,0.4106713831,CST_R_fa
86,0.4268844724,CST_R_fa
87,0.5473330617,CST_R_fa
88,0.2987161875,CST_R_fa
89,0.4256208241,CST_R_fa
90,0.4617850482,CST_R_fa
91,0.4949418902,CST_R_fa
92,0.5926821828,CST_R_fa
93,0.5335603952,CST_R_fa
94,0.5002987385,CST_R_fa
95,0.6757051945,CST_R_fa
96,0.5720354319,CST_R_fa
97,0.543710053,CST_R_fa
98,0.3633139729,CST_R_fa
99,0.5816252828,CST_R_fa
100,0.5724440217,CST_R_fa
1,0.3842464685,FMA_fa
2,0.4755389392,FMA_fa
3,0.5965149403,FMA_fa
4,0.537928164,FMA_fa
5,0.3322495818,FMA_fa
6,0.3249197602,FMA_fa
7,0.4246213138,FMA_fa
8,0.4647930264,FMA_fa
9,0.7682696581,FMA_fa
10,0.4710075259,FMA_fa
11,0.4903434217,FMA_fa
12,0.5664466619,FMA_fa
13,0.4088642895,FMA_fa
14,0.7776002884,FMA_fa
15,0.6030669808,FMA_fa
16,0.4478515983,FMA_fa
17,0.4665486813,FMA_fa
18,0.3406154811,FMA_fa
19,0.4799103141,FMA_fa
20,0.5684533119,FMA_fa
21,0.5490912795,FMA_fa
22,0.5767586231,FMA_fa
23,0.596740067,FMA_fa
24,0.4681691229,FMA_fa
25,0.6248033047,FMA_fa
26,0.5517879725,FMA_fa
27,0.5683218837,FMA_fa
28,0.4725608528,FMA_fa
29,0.4016344249,FMA_fa
30,0.4720588923,FMA_fa
31,0.4860620797,FMA_fa
32,0.3233563006,FMA_fa
33,0.6126933694,FMA_fa
34,0.3987692595,FMA_fa
35,0.4641267955,FMA_fa
36,0.473703742,FMA_fa
37,0.4654846191,FMA_fa
38,0.4916485846,FMA_fa
39,0.5280329585,FMA_fa
40,0.5629771352,FMA_fa
41,0.5226886868,FMA_fa
42,0.3543651104,FMA_fa
43,0.4760700762,FMA_fa
44,0.4278922677,FMA_fa
45,0.4558585286,FMA_fa
46,0.6322662234,FMA_fa
47,0.5373804569,FMA_fa
48,0.6164598465,FMA_fa
49,0.5333781838,FMA_fa
50,0.6443738937,FMA_fa
51,0.753034234,FMA_fa
52,0.5845965743,FMA_fa
53,0.60198915,FMA_fa
54,0.5915459394,FMA_fa
55,0.5304205418,FMA_fa
56,0.4910072088,FMA_fa
57,0.483386308,FMA_fa
58,0.5131667852,FMA_fa
59,0.5733646154,FMA_fa
60,0.5593365431,FMA_fa
61,0.7106661797,FMA_fa
62,0.6494722366,FMA_fa
63,0.4586727619,FMA_fa
64,0.4866384864,FMA_fa
65,0.6451047659,FMA_fa
66,0.6056892872,FMA_fa
67,0.6100687981,FMA_fa
68,0.4702971578,FMA_fa
69,0.5547226071,FMA_fa
70,0.296767801,FMA_fa
71,0.4853265285,FMA_fa
72,0.4788722098,FMA_fa
73,0.4629487395,FMA_fa
74,0.5318371058,FMA_fa
75,0.4817619026,FMA_fa
76,0.4524175823,FMA_fa
77,0.6074674726,FMA_fa
78,0.4736805558,FMA_fa
79,0.4905952811,FMA_fa
80,0.4607056677,FMA_fa
81,0.3494690955,FMA_fa
82,0.6377562881,FMA_fa
83,0.4320390821,FMA_fa
84,0.4624094665,FMA_fa
85,0.6192831993,FMA_fa
86,0.4704120457,FMA_fa
87,0.4328089654,FMA_fa
88,0.5344340205,FMA_fa
89,0.5449013114,FMA_fa
90,0.5247868896,FMA_fa
91,0.5775905848,FMA_fa
92,0.5524712205,FMA_fa
93,0.5033095479,FMA_fa
94,0.485902667,FMA_fa
95,0.4823786318,FMA_fa
96,0.5005276203,FMA_fa
97,0.4420902431,FMA_fa
98,0.499899447,FMA_fa
99,0.4960749745,FMA_fa
100,0.5036854148,FMA_fa
1,0.628246069,FMI_fa
2,0.6389917731,FMI_fa
3,0.4255102277,FMI_fa
4,0.5233756304,FMI_fa
5,0.4793704748,FMI_fa
6,0.5234716535,FMI_fa
7,0.3720187843,FMI_fa
8,0.4545432925,FMI_fa
9,0.5150408149,FMI_fa
10,0.5788670182,FMI_fa
11,0.4013799131,FMI_fa
12,0.4286261797,FMI_fa
13,0.6247577667,FMI_fa
14,0.4549033642,FMI_fa
15,0.6053749919,FMI_fa
16,0.4587057829,FMI_fa
17,0.5940330029,FMI_fa
18,0.4491930008,FMI_fa
19,0.5528697371,FMI_fa
20,0.5609443188,FMI_fa
21,0.5241954923,FMI_fa
22,0.3994649053,FMI_fa
23,0.475040406,FMI_fa
24,0.5367414951,FMI_fa
25,0.5675805211,FMI_fa
26,0.5312123895,FMI_fa
27,0.4095846713,FMI_fa
28,0.4932635128,FMI_fa
29,0.4971721768,FMI_fa
30,0.3020712137,FMI_fa
31,0.5601941347,FMI_fa
32,0.5478560328,FMI_fa
33,0.3857224882,FMI_fa
34,0.5681622624,FMI_fa
35,0.4578493237,FMI_fa
36,0.5815784335,FMI_fa
37,0.3221023679,FMI_fa
38,0.4260008335,FMI_fa
39,0.4930317998,FMI_fa
40,0.5651521087,FMI_fa
41,0.5239139199,FMI_fa
42,0.4173232913,FMI_fa
43,0.3959499598,FMI_fa
44,0.4160981476,FMI_fa
45,0.5057377815,FMI_fa
46,0.5489231944,FMI_fa
47,0.540442884,FMI_fa
48,0.4350855052,FMI_fa
49,0.5143105984,FMI_fa
50,0.4789957404,FMI_fa
51,0.3272520006,FMI_fa
52,0.5968437195,FMI_fa
53,0.5274283886,FMI_fa
54,0.4724054337,FMI_fa
55,0.4812091589,FMI_fa
56,0.5568526387,FMI_fa
57,0.5976419449,FMI_fa
58,0.4170947671,FMI_fa
59,0.5491634607,FMI_fa
60,0.5056075454,FMI_fa
61,0.5763552189,FMI_fa
62,0.5949741006,FMI_fa
63,0.3087297678,FMI_fa
64,0.3712402284,FMI_fa
65,0.6181892157,FMI_fa
66,0.4556191862,FMI_fa
67,0.268262893,FMI_fa
68,0.4994138479,FMI_fa
69,0.434160322,FMI_fa
70,0.5015591979,FMI_fa
71,0.2428774685,FMI_fa
72,0.4121911228,FMI_fa
73,0.3104183376,FMI_fa
74,0.2703768015,FMI_fa
75,0.4912873209,FMI_fa
76,0.4976809919,FMI_fa
77,0.5105910301,FMI_fa
78,0.3876968324,FMI_fa
79,0.5657752752,FMI_fa
80,0.487657845,FMI_fa
81,0.3638979495,FMI_fa
82,0.4521180987,FMI_fa
83,0.4575607181,FMI_fa
84,0.3349788189,FMI_fa
85,0.4563084841,FMI_fa
86,0.2757542431,FMI_fa
87,0.3448543549,FMI_fa
88,0.4875119328,FMI_fa
89,0.391438812,FMI_fa
90,0.3769771457,FMI_fa
91,0.2973196805,FMI_fa
92,0.5040063858,FMI_fa
93,0.3648277223,FMI_fa
94,0.5565251708,FMI_fa
95,0.4628767073,FMI_fa
96,0.4568549097,FMI_fa
97,0.5068321824,FMI_fa
98,0.4482127428,FMI_fa
99,0.5432830453,FMI_fa
100,0.5226775408,FMI_fa
1,0.4713340104,IFOF_L_fa
2,0.3651900291,IFOF_L_fa
3,0.3993796706,IFOF_L_fa
4,0.4015697539,IFOF_L_fa
5,0.2532148361,IFOF_L_fa
6,0.6141879559,IFOF_L_fa
7,0.3988576531,IFOF_L_fa
8,0.5356417894,IFOF_L_fa
9,0.4630396068,IFOF_L_fa
10,0.4172879755,IFOF_L_fa
11,0.4292806983,IFOF_L_fa
12,0.5021577477,IFOF_L_fa
13,0.4785186052,IFOF_L_fa
14,0.5084409118,IFOF_L_fa
15,0.499566853,IFOF_L_fa
16,0.3885742128,IFOF_L_fa
17,0.5415625572,IFOF_L_fa
18,0.4344846606,IFOF_L_fa
19,0.5105679035,IFOF_L_fa
20,0.3698675931,IFOF_L_fa
21,0.4824923575,IFOF_L_fa
22,0.5168814063,IFOF_L_fa
23,0.4609684348,IFOF_L_fa
24,0.4548400342,IFOF_L_fa
25,0.4327932298,IFOF_L_fa
26,0.4871962368,IFOF_L_fa
27,0.3495477736,IFOF_L_fa
28,0.5397321582,IFOF_L_fa
29,0.3812846541,IFOF_L_fa
30,0.3281841874,IFOF_L_fa
31,0.3818155825,IFOF_L_fa
32,0.4540319145,IFOF_L_fa
33,0.5424132347,IFOF_L_fa
34,0.5667340159,IFOF_L_fa
35,0.4424086511,IFOF_L_fa
36,0.613322854,IFOF_L_fa
37,0.3008610606,IFOF_L_fa
38,0.406956017,IFOF_L_fa
39,0.369892925,IFOF_L_fa
40,0.504339695,IFOF_L_fa
41,0.4859904349,IFOF_L_fa
42,0.5714972019,IFOF_L_fa
43,0.4173194468,IFOF_L_fa
44,0.5091119409,IFOF_L_fa
45,0.5311986208,IFOF_L_fa
46,0.5589284897,IFOF_L_fa
47,0.5006304383,IFOF_L_fa
48,0.406262219,IFOF_L_fa
49,0.5402234197,IFOF_L_fa
50,0.4814279974,IFOF_L_fa
51,0.3989230096,IFOF_L_fa
52,0.4136807323,IFOF_L_fa
53,0.4861515164,IFOF_L_fa
54,0.5064538121,IFOF_L_fa
55,0.4838102162,IFOF_L_fa
56,0.4703163207,IFOF_L_fa
57,0.5813789368,IFOF_L_fa
58,0.3901644349,IFOF_L_fa
59,0.5289701223,IFOF_L_fa
60,0.582619071,IFOF_L_fa
61,0.5170274377,IFOF_L_fa
62,0.4128693342,IFOF_L_fa
63,0.5594481826,IFOF_L_fa
64,0.5456550121,IFOF_L_fa
65,0.4498632252,IFOF_L_fa
66,0.49672544,IFOF_L_fa
67,0.5787042975,IFOF_L_fa
68,0.3795746565,IFOF_L_fa
69,0.4787423313,IFOF_L_fa
70,0.4694756866,IFOF_L_fa
71,0.5752681494,IFOF_L_fa
72,0.4711229801,IFOF_L_fa
73,0.362169981,IFOF_L_fa
74,0.5236618519,IFOF_L_fa
75,0.4787088037,IFOF_L_fa
76,0.5299245119,IFOF_L_fa
77,0.3620128334,IFOF_L_fa
78,0.5420667529,IFOF_L_fa
79,0.3605106771,IFOF_L_fa
80,0.4226285219,IFOF_L_fa
81,0.3406639993,IFOF_L_fa
82,0.4110678732,IFOF_L_fa
83,0.4170432985,IFOF_L_fa
84,0.4065603614,IFOF_L_fa
85,0.4994375408,IFOF_L_fa
86,0.2999583185,IFOF_L_fa
87,0.566942811,IFOF_L_fa
88,0.4413109422,IFOF_L_fa
89,0.472505331,IFOF_L_fa
90,0.3597627282,IFOF_L_fa
91,0.4133665264,IFOF_L_fa
92,0.4978218377,IFOF_L_fa
93,0.333648771,IFOF_L_fa
94,0.4445869625,IFOF_L_fa
95,0.4406324625,IFOF_L_fa
96,0.460346967,IFOF_L_fa
97,0.5098997355,IFOF_L_fa
98,0.3310868442,IFOF_L_fa
99,0.4631367028,IFOF_L_fa
100,0.4105807245,IFOF_L_fa
1,0.3605927825,IFOF_R_fa
2,0.3676638007,IFOF_R_fa
3,0.4183233976,IFOF_R_fa
4,0.5362145901,IFOF_R_fa
5,0.4902713895,IFOF_R_fa
6,0.5123624206,IFOF_R_fa
7,0.4374458492,IFOF_R_fa
8,0.4159558117,IFOF_R_fa
9,0.557334125,IFOF_R_fa
10,0.3443661332,IFOF_R_fa
11,0.2767825425,IFOF_R_fa
12,0.3282125592,IFOF_R_fa
13,0.4559427798,IFOF_R_fa
14,0.4479851127,IFOF_R_fa
15,0.4116802216,IFOF_R_fa
16,0.2834254503,IFOF_R_fa
17,0.3556143939,IFOF_R_fa
18,0.315479517,IFOF_R_fa
19,0.5072338581,IFOF_R_fa
20,0.4261431396,IFOF_R_fa
21,0.3743448853,IFOF_R_fa
22,0.4800331891,IFOF_R_fa
23,0.3407873511,IFOF_R_fa
24,0.3540352881,IFOF_R_fa
25,0.3954512477,IFOF_R_fa
26,0.4031475782,IFOF_R_fa
27,0.4217718542,IFOF_R_fa
28,0.4129025042,IFOF_R_fa
29,0.3509953618,IFOF_R_fa
30,0.4831647873,IFOF_R_fa
31,0.4895864725,IFOF_R_fa
32,0.4131532311,IFOF_R_fa
33,0.5144014955,IFOF_R_fa
34,0.3702831268,IFOF_R_fa
35,0.3678077459,IFOF_R_fa
36,0.4833699763,IFOF_R_fa
37,0.3049241304,IFOF_R_fa
38,0.5133935213,IFOF_R_fa
39,0.4087173343,IFOF_R_fa
40,0.3881359696,IFOF_R_fa
41,0.4783329666,IFOF_R_fa
42,0.4847800136,IFOF_R_fa
43,0.3787619174,IFOF_R_fa
44,0.4055151045,IFOF_R_fa
45,0.5425572991,IFOF_R_fa
46,0.2959507108,IFOF_R_fa
47,0.4645694494,IFOF_R_fa
48,0.4427664876,IFOF_R_fa
49,0.3545380533,IFOF_R_fa
50,0.447314471,IFOF_R_fa
51,0.3957152665,IFOF_R_fa
52,0.3627411425,IFOF_R_fa
53,0.4016563594,IFOF_R_fa
54,0.498478055,IFOF_R_fa
55,0.3817543089,IFOF_R_fa
56,0.4146014154,IFOF_R_fa
57,0.3391751051,IFOF_R_fa
58,0.4144992828,IFOF_R_fa
59,0.3774938583,IFOF_R_fa
60,0.6347672939,IFOF_R_fa
61,0.440980345,IFOF_R_fa
62,0.5207823515,IFOF_R_fa
63,0.4051522315,IFOF_R_fa
64,0.5754848123,IFOF_R_fa
65,0.3379617035,IFOF_R_fa
66,0.408349365,IFOF_R_fa
67,0.3398327827,IFOF_R_fa
68,0.4727620184,IFOF_R_fa
69,0.4972035289,IFOF_R_fa
70,0.4736617804,IFOF_R_fa
71,0.3280365169,IFOF_R_fa
72,0.5290596485,IFOF_R_fa
73,0.3490990698,IFOF_R_fa
74,0.3802195787,IFOF_R_fa
75,0.3814590871,IFOF_R_fa
76,0.4453361332,IFOF_R_fa
77,0.5032433867,IFOF_R_fa
78,0.4456421435,IFOF_R_fa
79,0.3687700331,IFOF_R_fa
80,0.5096280575,IFOF_R_fa
81,0.4653688669,IFOF_R_fa
82,0.5673228502,IFOF_R_fa
83,0.4715780616,IFOF_R_fa
84,0.5840053558,IFOF_R_fa
85,0.5078307986,IFOF_R_fa
86,0.3534099162,IFOF_R_fa
87,0.5037242174,IFOF_R_fa
88,0.3788377643,IFOF_R_fa
89,0.3048357069,IFOF_R_fa
90,0.3450390399,IFOF_R_fa
91,0.3968040645,IFOF_R_fa
92,0.362254262,IFOF_R_fa
93,0.2706031203,IFOF_R_fa
94,0.6476536989,IFOF_R_fa
95,0.4303568602,IFOF_R_fa
96,0.4412209988,IFOF_R_fa
97,0.3850041032,IFOF_R_fa
98,0.3903666735,IFOF_R_fa
99,0.4241802692,IFOF_R_fa
100,0.5667837858,IFOF_R_fa
1,0.4482065141,ILF_L_fa
2,0.4399543107,ILF_L_fa
3,0.2348686457,ILF_L_fa
4,0.1294814944,ILF_L_fa
5,0.3058770299,ILF_L_fa
6,0.1410125941,ILF_L_fa
7,0.3844201267,ILF_L_fa
8,0.3284678459,ILF_L_fa
9,0.2828221321,ILF_L_fa
10,0.4169599414,ILF_L_fa
11,0.2027329504,ILF_L_fa
12,0.3317920864,ILF_L_fa
13,0.2235133946,ILF_L_fa
14,0.1142690852,ILF_L_fa
15,0.3729322255,ILF_L_fa
16,0.4723790884,ILF_L_fa
17,0.2417942733,ILF_L_fa
18,0.466419965,ILF_L_fa
19,0.3085347116,ILF_L_fa
20,0.3706514835,ILF_L_fa
21,0.2508592308,ILF_L_fa
22,0.3474834859,ILF_L_fa
23,0.3776265979,ILF_L_fa
24,0.1624773294,ILF_L_fa
25,0.1654212326,ILF_L_fa
26,0.4241034389,ILF_L_fa
27,0.2332425416,ILF_L_fa
28,0.3421979547,ILF_L_fa
29,0.2905640006,ILF_L_fa
30,0.359210819,ILF_L_fa
31,0.1978473663,ILF_L_fa
32,0.2699337602,ILF_L_fa
33,0.2598847449,ILF_L_fa
34,0.2521469295,ILF_L_fa
35,0.4983343482,ILF_L_fa
36,0.4573149681,ILF_L_fa
37,0.4366538823,ILF_L_fa
38,0.305529654,ILF_L_fa
39,0.4175176919,ILF_L_fa
40,0.3437654972,ILF_L_fa
41,0.4736478031,ILF_L_fa
42,0.1881797612,ILF_L_fa
43,0.4838092327,ILF_L_fa
44,0.09225108474,ILF_L_fa
45,0.4599717259,ILF_L_fa
46,0.3880870044,ILF_L_fa
47,0.6345339417,ILF_L_fa
48,0.4359407425,ILF_L_fa
49,0.5658038855,ILF_L_fa
50,0.2648563385,ILF_L_fa
51,0.1869479716,ILF_L_fa
52,0.3970118761,ILF_L_fa
53,0.5002549291,ILF_L_fa
54,0.3568324447,ILF_L_fa
55,0.2288520634,ILF_L_fa
56,0.3275503814,ILF_L_fa
57,0.4940963387,ILF_L_fa
58,0.2622838616,ILF_L_fa
59,0.3966324031,ILF_L_fa
60,0.2629203796,ILF_L_fa
61,0.3596767187,ILF_L_fa
62,0.09634178132,ILF_L_fa
63,0.3458288908,ILF_L_fa
64,0.4049131274,ILF_L_fa
65,0.3262616396,ILF_L_fa
66,0.4589189887,ILF_L_fa
67,0.2109662741,ILF_L_fa
68,0.2430607677,ILF_L_fa
69,0.2023009062,ILF_L_fa
70,0.2816985846,ILF_L_fa
71,0.2829967141,ILF_L_fa
72,0.4836644828,ILF_L_fa
73,0.07716802508,ILF_L_fa
74,0.07881768793,ILF_L_fa
75,0.3198360801,ILF_L_fa
76,0.1846213341,ILF_L_fa
77,0.3737093508,ILF_L_fa
78,0.4069235921,ILF_L_fa
79,0.4582436383,ILF_L_fa
80,0.2852577865,ILF_L_fa
81,0.4849441648,ILF_L_fa
82,0.6551450491,ILF_L_fa
83,0.2809505165,ILF_L_fa
84,0.5169542432,ILF_L_fa
85,0.4359582067,ILF_L_fa
86,0.1353441477,ILF_L_fa
87,0.3530364335,ILF_L_fa
88,0.4465952516,ILF_L_fa
89,0.2684885263,ILF_L_fa
90,0.1860660762,ILF_L_fa
91,0.2475150824,ILF_L_fa
92,0.1994155496,ILF_L_fa
93,0.2099709511,ILF_L_fa
94,0.4786967933,ILF_L_fa
95,0.09142703563,ILF_L_fa
96,0.5059943795,ILF_L_fa
97,0.3713912368,ILF_L_fa
98,0.2898294032,ILF_L_fa
99,0.4446160495,ILF_L_fa
100,0.4501081109,ILF_L_fa
1,0.4728361368,ILF_R_fa
2,0.3235258758,ILF_R_fa
3,0.3989110887,ILF_R_fa
4,0.2791701257,ILF_R_fa
5,0.3120345175,ILF_R_fa
6,0.2169160098,ILF_R_fa
7,0.4335058331,ILF_R_fa
8,0.1354522407,ILF_R_fa
9,0.2910766304,ILF_R_fa
10,0.2746388018,ILF_R_fa
11,0.5235300064,ILF_R_fa
12,0.3431958556,ILF_R_fa
13,0.2259075046,ILF_R_fa
14,0.2477649152,ILF_R_fa
15,0.2661542296,ILF_R_fa
16,0.3331187069,ILF_R_fa
17,0.4591292441,ILF_R_fa
18,0.4477124512,ILF_R_fa
19,0.3539939523,ILF_R_fa
20,0.5766665339,ILF_R_fa
21,0.2675908208,ILF_R_fa
22,0.4043855965,ILF_R_fa
23,0.2219687402,ILF_R_fa
24,0.5267089009,ILF_R_fa
25,0.2028416246,ILF_R_fa
26,0.3324847519,ILF_R_fa
27,0.3190236986,ILF_R_fa
28,0.4122309685,ILF_R_fa
29,0.4383767545,ILF_R_fa
30,0.5249182582,ILF_R_fa
31,0.5241397023,ILF_R_fa
32,0.301478833,ILF_R_fa
33,0.09102468938,ILF_R_fa
34,0.4510820806,ILF_R_fa
35,0.4126066267,ILF_R_fa
36,0.2665967047,ILF_R_fa
37,0.3420705497,ILF_R_fa
38,0.4086335301,ILF_R_fa
39,0.4054852724,ILF_R_fa
40,0.3612591326,ILF_R_fa
41,0.6321398616,ILF_R_fa
42,0.159387514,ILF_R_fa
43,0.4640263915,ILF_R_fa
44,0.1540533006,ILF_R_fa
45,0.1169075742,ILF_R_fa
46,0.4628774226,ILF_R_fa
47,0.3732421696,ILF_R_fa
48,0.3939962089,ILF_R_fa
49,0.2175365984,ILF_R_fa
50,0.3901160657,ILF_R_fa
51,0.2541620731,ILF_R_fa
52,0.1472568959,ILF_R_fa
53,0.1384388208,ILF_R_fa
54,0.09527988732,ILF_R_fa
55,0.2128981054,ILF_R_fa
56,0.3219245374,ILF_R_fa
57,0.465354532,ILF_R_fa
58,0.4049549699,ILF_R_fa
59,0.2053519189,ILF_R_fa
60,0.3916616142,ILF_R_fa
61,0.5826302171,ILF_R_fa
62,0.4569849968,ILF_R_fa
63,0.2741894722,ILF_R_fa
64,0.3374325931,ILF_R_fa
65,0.2579967976,ILF_R_fa
66,0.1438466609,ILF_R_fa
67,0.6364697218,ILF_R_fa
68,0.4192272425,ILF_R_fa
69,0.3060126007,ILF_R_fa
70,0.4753238559,ILF_R_fa
71,0.1734503955,ILF_R_fa
72,0.4282934964,ILF_R_fa
73,0.3908916414,ILF_R_fa
74,0.4226424992,ILF_R_fa
75,0.2745821178,ILF_R_fa
76,0.4702611268,ILF_R_fa
77,0.2314110547,ILF_R_fa
78,0.1920071393,ILF_R_fa
79,0.2093760073,ILF_R_fa
80,0.453961134,ILF_R_fa
81,0.41943717,ILF_R_fa
82,0.0954323262,ILF_R_fa
83,0.5040887594,ILF_R_fa
84,0.1820022464,ILF_R_fa
85,0.2046909928,ILF_R_fa
86,0.2487106621,ILF_R_fa
87,0.2418533117,ILF_R_fa
88,0.1031852514,ILF_R_fa
89,0.2952788174,ILF_R_fa
90,0.1636075228,ILF_R_fa
91,0.2497786433,ILF_R_fa
92,0.3637040854,ILF_R_fa
93,0.1474530697,ILF_R_fa
94,0.2575945258,ILF_R_fa
95,0.3420271277,ILF_R_fa
96,0.2764564157,ILF_R_fa
97,0.3996913433,ILF_R_fa
98,0.4309895039,ILF_R_fa
99,0.4807645679,ILF_R_fa
100,0.342326194,ILF_R_fa
1,0.3322211504,SLF_L_fa
2,0.312605232,SLF_L_fa
3,0.2524029016,SLF_L_fa
4,0.1349300742,SLF_L_fa
5,0.1176211312,SLF_L_fa
6,0.5136889815,SLF_L_fa
7,0.2806105614,SLF_L_fa
8,0.1571594775,SLF_L_fa
9,0.3490223587,SLF_L_fa
10,0.1686126739,SLF_L_fa
11,0.2993958294,SLF_L_fa
12,0.2361583114,SLF_L_fa
13,0.3354056478,SLF_L_fa
14,0.2829582691,SLF_L_fa
15,0.104718484,SLF_L_fa
16,0.4191379845,SLF_L_fa
17,0.351226151,SLF_L_fa
18,0.2525165379,SLF_L_fa
19,0.1267283857,SLF_L_fa
20,0.2740865648,SLF_L_fa
21,0.2648589909,SLF_L_fa
22,0.125104174,SLF_L_fa
23,0.4207420647,SLF_L_fa
24,0.2763929665,SLF_L_fa
25,0.1769927442,SLF_L_fa
26,0.1630160958,SLF_L_fa
27,0.1852678061,SLF_L_fa
28,0.1346728206,SLF_L_fa
29,0.3529277742,SLF_L_fa
30,0.2527699769,SLF_L_fa
31,0.2267614454,SLF_L_fa
32,0.1360138059,SLF_L_fa
33,0.35154742,SLF_L_fa
34,0.1806145012,SLF_L_fa
35,0.4501717389,SLF_L_fa
36,0.3781151772,SLF_L_fa
37,0.3073873222,SLF_L_fa
38,0.1585775763,SLF_L_fa
39,0.3320201933,SLF_L_fa
40,0.3465900719,SLF_L_fa
41,0.1571850628,SLF_L_fa
42,0.2183536142,SLF_L_fa
43,0.1042607203,SLF_L_fa
44,0.2064246982,SLF_L_fa
45,0.3462915123,SLF_L_fa
46,0.5177256465,SLF_L_fa
47,0.3398658633,SLF_L_fa
48,0.1449954957,SLF_L_fa
49,0.2855539024,SLF_L_fa
50,0.3616324663,SLF_L_fa
51,0.2398278862,SLF_L_fa
52,0.1606337875,SLF_L_fa
53,0.2101120055,SLF_L_fa
54,0.08921354264,SLF_L_fa
55,0.3714172244,SLF_L_fa
56,0.1693387926,SLF_L_fa
57,0.4034395218,SLF_L_fa
58,0.2312307954,SLF_L_fa
59,0.3889475465,SLF_L_fa
60,0.2364092171,SLF_L_fa
61,0.2142150849,SLF_L_fa
62,0.2995635271,SLF_L_fa
63,0.2403367162,SLF_L_fa
64,0.4135537446,SLF_L_fa
65,0.3255510032,SLF_L_fa
66,0.1886408478,SLF_L_fa
67,0.09143814445,SLF_L_fa
68,0.1675238609,SLF_L_fa
69,0.2065678835,SLF_L_fa
70,0.3838554621,SLF_L_fa
71,0.1931748688,SLF_L_fa
72,0.3662196696,SLF_L_fa
73,0.2491551042,SLF_L_fa
74,0.1470009983,SLF_L_fa
75,0.329669863,SLF_L_fa
76,0.1154232621,SLF_L_fa
77,0.2673522234,SLF_L_fa
78,0.4203787148,SLF_L_fa
79,0.3319146633,SLF_L_fa
80,0.1452258676,SLF_L_fa
81,0.3949235976,SLF_L_fa
82,0.2527171671,SLF_L_fa
83,0.3438333273,SLF_L_fa
84,0.4965187013,SLF_L_fa
85,0.19603917,SLF_L_fa
86,0.120909512,SLF_L_fa
87,0.3590732515,SLF_L_fa
88,0.3432921767,SLF_L_fa
89,0.2644289732,SLF_L_fa
90,0.1333954632,SLF_L_fa
91,0.1922291666,SLF_L_fa
92,0.2045357078,SLF_L_fa
93,0.3650341928,SLF_L_fa
94,0.2747059464,SLF_L_fa
95,0.1338067502,SLF_L_fa
96,0.1562263221,SLF_L_fa
97,0.3250744939,SLF_L_fa
98,0.1031481177,SLF_L_fa
99,0.1994497329,SLF_L_fa
100,0.3515683711,SLF_L_fa
1,0.2264894247,SLF_R_fa
2,0.2990216911,SLF_R_fa
3,0.214888975,SLF_R_fa
4,0.1964522302,SLF_R_fa
5,0.248650223,SLF_R_fa
6,0.381898284,SLF_R_fa
7,0.4155617356,SLF_R_fa
8,0.4359776378,SLF_R_fa
9,0.3895944953,SLF_R_fa
10,0.2439237088,SLF_R_fa
11,0.4479786158,SLF_R_fa
12,0.3848897815,SLF_R_fa
13,0.1260020882,SLF_R_fa
14,0.3967830241,SLF_R_fa
15,0.1331432164,SLF_R_fa
16,0.2504907548,SLF_R_fa
17,0.2075863183,SLF_R_fa
18,0.3364826441,SLF_R_fa
19,0.2673591077,SLF_R_fa
20,0.2358122617,SLF_R_fa
21,0.2878559232,SLF_R_fa
22,0.1850168854,SLF_R_fa
23,0.2080261409,SLF_R_fa
24,0.1757097691,SLF_R_fa
25,0.3350373209,SLF_R_fa
26,0.4341036081,SLF_R_fa
27,0.3079997897,SLF_R_fa
28,0.4439549446,SLF_R_fa
29,0.3512806892,SLF_R_fa
30,0.3797711432,SLF_R_fa
31,0.1903895736,SLF_R_fa
32,0.5199500322,SLF_R_fa
33,0.4170888662,SLF_R_fa
34,0.2885273993,SLF_R_fa
35,0.4404478669,SLF_R_fa
36,0.4420302808,SLF_R_fa
37,0.1943971813,SLF_R_fa
38,0.3791747391,SLF_R_fa
39,0.1748692542,SLF_R_fa
40,0.2693399489,SLF_R_fa
41,0.3963575363,SLF_R_fa
42,0.1353458762,SLF_R_fa
43,0.2248100936,SLF_R_fa
44,0.1404282004,SLF_R_fa
45,0.335630089,SLF_R_fa
46,0.1974183321,SLF_R_fa
47,0.1505638361,SLF_R_fa
48,0.3671955764,SLF_R_fa
49,0.192341581,SLF_R_fa
50,0.1929998398,SLF_R_fa
51,0.3198278248,SLF_R_fa
52,0.3355695307,SLF_R_fa
53,0.238709271,SLF_R_fa
54,0.4732784331,SLF_R_fa
55,0.3449635804,SLF_R_fa
56,0.3124602437,SLF_R_fa
57,0.123122111,SLF_R_fa
58,0.09395118803,SLF_R_fa
59,0.4088198543,SLF_R_fa
60,0.09824426472,SLF_R_fa
61,0.3241068423,SLF_R_fa
62,0.3688559234,SLF_R_fa
63,0.2324172407,SLF_R_fa
64,0.2310810536,SLF_R_fa
65,0.3050281703,SLF_R_fa
66,0.2002879828,SLF_R_fa
67,0.338716805,SLF_R_fa
68,0.3012148142,SLF_R_fa
69,0.3487392664,SLF_R_fa
70,0.2700454295,SLF_R_fa
71,0.3666000664,SLF_R_fa
72,0.1756798178,SLF_R_fa
73,0.4234136641,SLF_R_fa
74,0.3341035247,SLF_R_fa
75,0.4590243697,SLF_R_fa
76,0.1909345835,SLF_R_fa
77,0.3779605329,SLF_R_fa
78,0.335403651,SLF_R_fa
79,0.2773921192,SLF_R_fa
80,0.4431909621,SLF_R_fa
81,0.1541178524,SLF_R_fa
82,0.1688555926,SLF_R_fa
83,0.2821445763,SLF_R_fa
84,0.4282775223,SLF_R_fa
85,0.4341394007,SLF_R_fa
86,0.1725441515,SLF_R_fa
87,0.344758302,SLF_R_fa
88,0.3006479442,SLF_R_fa
89,0.2299240679,SLF_R_fa
90,0.3713280559,SLF_R_fa
91,0.193561703,SLF_R_fa
92,0.1711410135,SLF_R_fa
93,0.1894901693,SLF_R_fa
94,0.4072764814,SLF_R_fa
95,0.4824112952,SLF_R_fa
96,0.2752521336,SLF_R_fa
97,0.3797352314,SLF_R_fa
98,0.1371032894,SLF_R_fa
99,0.09953831881,SLF_R_fa
100,0.2413240373,SLF_R_fa
1,0.2905352712,SLFT_L_fa
2,0.4089516103,SLFT_L_fa
3,0.3458966613,SLFT_L_fa
4,0.4127001762,SLFT_L_fa
5,0.3353995681,SLFT_L_fa
6,0.3209445179,SLFT_L_fa
7,0.2730278075,SLFT_L_fa
8,0.4695412219,SLFT_L_fa
9,0.4225742519,SLFT_L_fa
10,0.5118593574,SLFT_L_fa
11,0.4820936024,SLFT_L_fa
12,0.5004900694,SLFT_L_fa
13,0.2177195549,SLFT_L_fa
14,0.3643505871,SLFT_L_fa
15,0.4621554315,SLFT_L_fa
16,0.2943124473,SLFT_L_fa
17,0.263158679,SLFT_L_fa
18,0.3162170649,SLFT_L_fa
19,0.4208052456,SLFT_L_fa
20,0.2992458344,SLFT_L_fa
21,0.4023310542,SLFT_L_fa
22,0.3799266219,SLFT_L_fa
23,0.4951977432,SLFT_L_fa
24,0.4644598365,SLFT_L_fa
25,0.4300041795,SLFT_L_fa
26,0.3960760236,SLFT_L_fa
27,0.429634124,SLFT_L_fa
28,0.3423831463,SLFT_L_fa
29,0.6078398824,SLFT_L_fa
30,0.57275635,SLFT_L_fa
31,0.5252129436,SLFT_L_fa
32,0.4102340043,SLFT_L_fa
33,0.2047407031,SLFT_L_fa
34,0.257642895,SLFT_L_fa
35,0.486543417,SLFT_L_fa
36,0.44895643,SLFT_L_fa
37,0.5226360559,SLFT_L_fa
38,0.4082962275,SLFT_L_fa
39,0.4434919655,SLFT_L_fa
40,0.3876142204,SLFT_L_fa
41,0.3727312088,SLFT_L_fa
42,0.4080236256,SLFT_L_fa
43,0.3815559149,SLFT_L_fa
44,0.417262584,SLFT_L_fa
45,0.3476812541,SLFT_L_fa
46,0.3809773624,SLFT_L_fa
47,0.4231353998,SLFT_L_fa
48,0.3550184369,SLFT_L_fa
49,0.4299804866,SLFT_L_fa
50,0.2764246166,SLFT_L_fa
51,0.4225025475,SLFT_L_fa
52,0.5508236885,SLFT_L_fa
53,0.3866351545,SLFT_L_fa
54,0.5091645718,SLFT_L_fa
55,0.3356661797,SLFT_L_fa
56,0.2725841701,SLFT_L_fa
57,0.1970449686,SLFT_L_fa
58,0.5376063585,SLFT_L_fa
59,0.374663949,SLFT_L_fa
60,0.4491984844,SLFT_L_fa
61,0.5347672105,SLFT_L_fa
62,0.6459172964,SLFT_L_fa
63,0.4776141644,SLFT_L_fa
64,0.2933332026,SLFT_L_fa
65,0.1783506125,SLFT_L_fa
66,0.4511033595,SLFT_L_fa
67,0.5870134234,SLFT_L_fa
68,0.2966293991,SLFT_L_fa
69,0.4233169258,SLFT_L_fa
70,0.3898010552,SLFT_L_fa
71,0.3962721825,SLFT_L_fa
72,0.4690069854,SLFT_L_fa
73,0.4269800186,SLFT_L_fa
74,0.482609421,SLFT_L_fa
75,0.3405391872,SLFT_L_fa
76,0.3368947804,SLFT_L_fa
77,0.6015946269,SLFT_L_fa
78,0.4855410159,SLFT_L_fa
79,0.3897640407,SLFT_L_fa
80,0.4856271744,SLFT_L_fa
81,0.3802917898,SLFT_L_fa
82,0.361846596,SLFT_L_fa
83,0.4882512689,SLFT_L_fa
84,0.4962354898,SLFT_L_fa
85,0.4628382623,SLFT_L_fa
86,0.3118152916,SLFT_L_fa
87,0.3607282639,SLFT_L_fa
88,0.3340204358,SLFT_L_fa
89,0.2532937825,SLFT_L_fa
90,0.374197036,SLFT_L_fa
91,0.3269872963,SLFT_L_fa
92,0.377690196,SLFT_L_fa
93,0.5331332684,SLFT_L_fa
94,0.503850162,SLFT_L_fa
95,0.286577493,SLFT_L_fa
96,0.413157016,SLFT_L_fa
97,0.399677366,SLFT_L_fa
98,0.4103753865,SLFT_L_fa
99,0.4610961974,SLFT_L_fa
100,0.3538022041,SLFT_L_fa
1,0.4423702359,SLFT_R_fa
2,0.400660485,SLFT_R_fa
3,0.471295774,SLFT_R_fa
4,0.1194743514,SLFT_R_fa
5,0.2643677592,SLFT_R_fa
6,0.468292892,SLFT_R_fa
7,0.3656224906,SLFT_R_fa
8,0.1808097214,SLFT_R_fa
9,0.4347376525,SLFT_R_fa
10,0.4854210317,SLFT_R_fa
11,0.5710061193,SLFT_R_fa
12,0.4474647045,SLFT_R_fa
13,0.6039558649,SLFT_R_fa
14,0.538877368,SLFT_R_fa
15,0.4022531807,SLFT_R_fa
16,0.4157043695,SLFT_R_fa
17,0.5471227169,SLFT_R_fa
18,0.3175578117,SLFT_R_fa
19,0.6833145618,SLFT_R_fa
20,0.5089204907,SLFT_R_fa
21,0.5143734217,SLFT_R_fa
22,0.533649683,SLFT_R_fa
23,0.532161653,SLFT_R_fa
24,0.6063700914,SLFT_R_fa
25,0.3654999435,SLFT_R_fa
26,0.4289358258,SLFT_R_fa
27,0.3802050948,SLFT_R_fa
28,0.5948163867,SLFT_R_fa
29,0.5606973171,SLFT_R_fa
30,0.4658742249,SLFT_R_fa
31,0.5005086064,SLFT_R_fa
32,0.6499775648,SLFT_R_fa
33,0.6346004605,SLFT_R_fa
34,0.5026547909,SLFT_R_fa
35,0.666328609,SLFT_R_fa
36,0.4568114579,SLFT_R_fa
37,0.5606048107,SLFT_R_fa
38,0.6302725077,SLFT_R_fa
39,0.5472820997,SLFT_R_fa
40,0.5432080626,SLFT_R_fa
41,0.5057867765,SLFT_R_fa
42,0.4265512228,SLFT_R_fa
43,0.5243124962,SLFT_R_fa
44,0.2950040698,SLFT_R_fa
45,0.4705186486,SLFT_R_fa
46,0.5264048576,SLFT_R_fa
47,0.598331511,SLFT_R_fa
48,0.4538155496,SLFT_R_fa
49,0.4274775386,SLFT_R_fa
50,0.4718651175,SLFT_R_fa
51,0.4630341232,SLFT_R_fa
52,0.5058555007,SLFT_R_fa
53,0.6391378641,SLFT_R_fa
54,0.4919839501,SLFT_R_fa
55,0.4275042713,SLFT_R_fa
56,0.4822917283,SLFT_R_fa
57,0.5202878118,SLFT_R_fa
58,0.3776195645,SLFT_R_fa
59,0.2445024997,SLFT_R_fa
60,0.191871658,SLFT_R_fa
61,0.2195814252,SLFT_R_fa
62,0.4308903515,SLFT_R_fa
63,0.2067442983,SLFT_R_fa
64,0.5704312921,SLFT_R_fa
65,0.5136960149,SLFT_R_fa
66,0.3597017229,SLFT_R_fa
67,0.7805411816,SLFT_R_fa
68,0.7050015926,SLFT_R_fa
69,0.6010499001,SLFT_R_fa
70,0.5831190944,SLFT_R_fa
71,0.4008083642,SLFT_R_fa
72,0.1876140386,SLFT_R_fa
73,0.5178173184,SLFT_R_fa
74,0.5435858965,SLFT_R_fa
75,0.3927835822,SLFT_R_fa
76,0.6511663198,SLFT_R_fa
77,0.5213615894,SLFT_R_fa
78,0.5269889832,SLFT_R_fa
79,0.4975659847,SLFT_R_fa
80,0.3968902528,SLFT_R_fa
81,0.5263599753,SLFT_R_fa
82,0.6459857225,SLFT_R_fa
83,0.4850795567,SLFT_R_fa
84,0.4530148804,SLFT_R_fa
85,0.512727201,SLFT_R_fa
86,0.4993084073,SLFT_R_fa
87,0.4702652097,SLFT_R_fa
88,0.4834054112,SLFT_R_fa
89,0.5176872015,SLFT_R_fa
90,0.3611782491,SLFT_R_fa
91,0.4620264471,SLFT_R_fa
92,0.5410901308,SLFT_R_fa
93,0.4687677622,SLFT_R_fa
94,0.5360764861,SLFT_R_fa
95,0.1767255366,SLFT_R_fa
96,0.4424928725,SLFT_R_fa
97,0.4665924907,SLFT_R_fa
98,0.5167713165,SLFT_R_fa
99,0.4328349829,SLFT_R_fa
100,0.470226109,SLFT_R_fa
1,0.190933466,UF_L_fa
2,0.4503792226,UF_L_fa
3,0.2132056057,UF_L_fa
4,0.2935876548,UF_L_fa
5,0.4694554508,UF_L_fa
6,0.3935308456,UF_L_fa
7,0.4827266634,UF_L_fa
8,0.4879270196,UF_L_fa
9,0.224928394,UF_L_fa
10,0.3869538009,UF_L_fa
11,0.4567557275,UF_L_fa
12,0.3307834566,UF_L_fa
13,0.4188467562,UF_L_fa
14,0.2936685383,UF_L_fa
15,0.3306345344,UF_L_fa
16,0.199884057,UF_L_fa
17,0.4064516723,UF_L_fa
18,0.2247529477,UF_L_fa
19,0.3915218115,UF_L_fa
20,0.3319193125,UF_L_fa
21,0.2011799514,UF_L_fa
22,0.2770664394,UF_L_fa
23,0.3054375052,UF_L_fa
24,0.48396945,UF_L_fa
25,0.2741109729,UF_L_fa
26,0.12101309,UF_L_fa
27,0.3387948871,UF_L_fa
28,0.3559387624,UF_L_fa
29,0.2047929764,UF_L_fa
30,0.4263170063,UF_L_fa
31,0.2429360747,UF_L_fa
32,0.1793313622,UF_L_fa
33,0.4744416773,UF_L_fa
34,0.3725886643,UF_L_fa
35,0.4217249453,UF_L_fa
36,0.3674922287,UF_L_fa
37,0.5081602931,UF_L_fa
38,0.4085027874,UF_L_fa
39,0.4024465382,UF_L_fa
40,0.2451358289,UF_L_fa
41,0.2909027636,UF_L_fa
42,0.3583860397,UF_L_fa
43,0.3680283725,UF_L_fa
44,0.3849747777,UF_L_fa
45,0.4315308332,UF_L_fa
46,0.2828379273,UF_L_fa
47,0.4287800193,UF_L_fa
48,0.3483157456,UF_L_fa
49,0.2175062001,UF_L_fa
50,0.311255008,UF_L_fa
51,0.3648079038,UF_L_fa
52,0.2304032892,UF_L_fa
53,0.3225727975,UF_L_fa
54,0.3226794302,UF_L_fa
55,0.3919253647,UF_L_fa
56,0.3157550097,UF_L_fa
57,0.3217140436,UF_L_fa
58,0.3835960925,UF_L_fa
59,0.3171152771,UF_L_fa
60,0.3177396357,UF_L_fa
61,0.259708792,UF_L_fa
62,0.2065072954,UF_L_fa
63,0.2493237406,UF_L_fa
64,0.3053818941,UF_L_fa
65,0.3456383348,UF_L_fa
66,0.4217633605,UF_L_fa
67,0.3668367565,UF_L_fa
68,0.3679803312,UF_L_fa
69,0.2442986667,UF_L_fa
70,0.2027288526,UF_L_fa
71,0.2216211557,UF_L_fa
72,0.380153507,UF_L_fa
73,0.3532101512,UF_L_fa
74,0.3340857625,UF_L_fa
75,0.413156122,UF_L_fa
76,0.3894325793,UF_L_fa
77,0.4268459082,UF_L_fa
78,0.330145061,UF_L_fa
79,0.1504597515,UF_L_fa
80,0.4019609988,UF_L_fa
81,0.4005070329,UF_L_fa
82,0.2460680902,UF_L_fa
83,0.2672566473,UF_L_fa
84,0.2287725061,UF_L_fa
85,0.3884079456,UF_L_fa
86,0.2592299879,UF_L_fa
87,0.3860370219,UF_L_fa
88,0.3128997087,UF_L_fa
89,0.2993184328,UF_L_fa
90,0.3465376496,UF_L_fa
91,0.3313421011,UF_L_fa
92,0.2267980427,UF_L_fa
93,0.3328485787,UF_L_fa
94,0.3163123727,UF_L_fa
95,0.3244723678,UF_L_fa
96,0.4067534804,UF_L_fa
97,0.4239129722,UF_L_fa
98,0.4034025073,UF_L_fa
99,0.2778919041,UF_L_fa
100,0.1764200926,UF_L_fa
1,0.2073761374,UF_R_fa
2,0.1561970413,UF_R_fa
3,0.3412798941,UF_R_fa
4,0.1536547542,UF_R_fa
5,0.3819350898,UF_R_fa
6,0.1975601763,UF_R_fa
7,0.2293093204,UF_R_fa
8,0.3286993504,UF_R_fa
9,0.3059049845,UF_R_fa
10,0.4160525501,UF_R_fa
11,0.5880346894,UF_R_fa
12,0.3163917959,UF_R_fa
13,0.2608407438,UF_R_fa
14,0.1030012593,UF_R_fa
15,0.1289924085,UF_R_fa
16,0.2577393055,UF_R_fa
17,0.5113684535,UF_R_fa
18,0.2006043047,UF_R_fa
19,0.5436426997,UF_R_fa
20,0.1357439011,UF_R_fa
21,0.08904071152,UF_R_fa
22,0.2772006094,UF_R_fa
23,0.3694412112,UF_R_fa
24,0.4309000075,UF_R_fa
25,0.21839495,UF_R_fa
26,0.3652935624,UF_R_fa
27,0.2437100112,UF_R_fa
28,0.08720576018,UF_R_fa
29,0.4537184834,UF_R_fa
30,0.2367569804,UF_R_fa
31,0.4333299994,UF_R_fa
32,0.2341936976,UF_R_fa
33,0.459602654,UF_R_fa
34,0.2268707305,UF_R_fa
35,0.331345439,UF_R_fa
36,0.1337536275,UF_R_fa
37,0.3069888353,UF_R_fa
38,0.4410408437,UF_R_fa
39,0.3330397606,UF_R_fa
40,0.211098507,UF_R_fa
41,0.243077606,UF_R_fa
42,0.1597481966,UF_R_fa
43,0.0800544396,UF_R_fa
44,0.2203474641,UF_R_fa
45,0.2004286498,UF_R_fa
46,0.1652630121,UF_R_fa
47,0.1822055578,UF_R_fa
48,0.1182030365,UF_R_fa
49,0.1273963004,UF_R_fa
50,0.4167380035,UF_R_fa
51,0.4180119336,UF_R_fa
52,0.2284592539,UF_R_fa
53,0.2392384857,UF_R_fa
54,0.1446805,UF_R_fa
55,0.1432271749,UF_R_fa
56,0.2485265434,UF_R_fa
57,0.1656792462,UF_R_fa
58,0.1982523352,UF_R_fa
59,0.142488271,UF_R_fa
60,0.243920356,UF_R_fa
61,0.2006489187,UF_R_fa
62,0.1707962304,UF_R_fa
63,0.2432370782,UF_R_fa
64,0.3643634617,UF_R_fa
65,0.2514389455,UF_R_fa
66,0.4147161543,UF_R_fa
67,0.1159149855,UF_R_fa
68,0.1657555997,UF_R_fa
69,0.1424766481,UF_R_fa
70,0.2339930832,UF_R_fa
71,0.4174707532,UF_R_fa
72,0.157951802,UF_R_fa
73,0.1989976615,UF_R_fa
74,0.2776728868,UF_R_fa
75,0.2942656279,UF_R_fa
76,0.2157358229,UF_R_fa
77,0.2530272603,UF_R_fa
78,0.351426959,UF_R_fa
79,0.218422085,UF_R_fa
80,0.2402086258,UF_R_fa
81,0.4313982725,UF_R_fa
82,0.3838638067,UF_R_fa
83,0.3859331906,UF_R_fa
84,0.3433200419,UF_R_fa
85,0.2583814859,UF_R_fa
86,0.3648777604,UF_R_fa
87,0.1837434769,UF_R_fa
88,0.2093530893,UF_R_fa
89,0.1644047797,UF_R_fa
90,0.1819418073,UF_R_fa
91,0.4878008962,UF_R_fa
92,0.312618047,UF_R_fa
93,0.09823730588,UF_R_fa
94,0.1140452474,UF_R_fa
95,0.4736890197,UF_R_fa
96,0.2020276338,UF_R_fa
97,0.2756833732,UF_R_fa
98,0.4523689151,UF_R_fa
99,0.1715878844,UF_R_fa
100,0.07219015807,UF_R_fa
